{"cameraMode":{"drawMode":0,"name":"Shaded","section":"Shading Mode"},"sceneLighting":true,"audioPlay":false,"sceneViewState":{"m_AlwaysRefresh":false,"showFog":true,"showSkybox":true,"showFlares":true,"showImageEffects":true,"showParticleSystems":true,"showVisualEffectGraphs":true,"m_FxEnabled":true},"in2DMode":false,"pivot":{"x":0.22268784046173097,"y":0.37482523918151858,"z":-1.927032470703125},"rotation":{"x":0.07654375582933426,"y":-0.07023774832487107,"z":0.005405837204307318,"w":0.9945757389068604},"size":2.0005569458007814,"orthographic":false}