{"cameraMode":{"drawMode":0,"name":"Shaded","section":"Shading Mode"},"sceneLighting":true,"audioPlay":false,"sceneViewState":{"m_AlwaysRefresh":false,"showFog":true,"showSkybox":true,"showFlares":true,"showImageEffects":true,"showParticleSystems":true,"showVisualEffectGraphs":true,"m_FxEnabled":true},"in2DMode":false,"pivot":{"x":3.638627052307129,"y":1.739519476890564,"z":-5.375095367431641},"rotation":{"x":0.0008877304499037564,"y":-0.15240401029586793,"z":0.00013678890536539257,"w":0.9883173108100891},"size":1.2910552024841309,"orthographic":false}